ID,URL,Neighborhood,Price,Bedrooms,Bathrooms,House Size,Description,Neighborhood Description
111,https://prea.com/home/111,Green Oaks,800000,3,2,2000,"Welcome to this eco-friendly oasis nestled in the heart of Green Oaks. This charming 3-bedroom, 2-bathroom home boasts energy-efficient features such as solar panels and a well-insulated structure. Natural light floods the living spaces, highlighting the beautiful hardwood floors and eco-conscious finishes. The open-concept kitchen and dining area lead to a spacious backyard with a vegetable garden, perfect for the eco-conscious family. Embrace sustainable living without compromising on style in this Green Oaks gem.
","Green Oaks is a close-knit, environmentally-conscious community with access to organic grocery stores, community gardens, and bike paths. Take a stroll through the nearby Green Oaks Park or grab a cup of coffee at the cozy Green Bean Cafe. With easy access to public transportation and bike lanes, commuting is a breeze."
222,https://prea.com/home/222,Rapid Oaks,400000,1,1,1000,"This home has carpet flooring in all rooms.
","The neigborhood is not so friendly and has high crime rate"
1001,"https://prea.com/home/1001","Sunset Valley",450000,3,2,2500,"Beautiful family home with stunning views of the valley","Sunset Valley is a peaceful neighborhood with friendly neighbors and great schools."
1002,"https://prea.com/home/1002","Pinecrest Heights",780000,4,3,3500,"Luxurious modern mansion with all the amenities","Pinecrest Heights is a prestigious neighborhood known for its upscale homes and exclusive country club."
1003,"https://prea.com/home/1003","Willow Creek",320000,2,1,1500,"Cozy cottage perfect for first-time buyers","Willow Creek is a quaint neighborhood with tree-lined streets and a charming downtown area."
1004,"https://prea.com/home/1004","Riverside Meadows",550000,3,3,2800,"Spacious waterfront property with a private dock","Riverside Meadows offers a serene setting for nature lovers but can be prone to flooding during heavy rains."
1005,"https://prea.com/home/1005","Maple Grove",980000,5,4,5000,"Elegant estate with a grand entrance and lush gardens","Maple Grove is an exclusive neighborhood with top-rated schools and upscale shopping centers."
1006,"https://prea.com/home/1006","Oakwood Hills",150000,1,1,1000,"Charming tiny home perfect for minimalist living","Oakwood Hills is a budget-friendly neighborhood but lacks amenities and has high crime rates."
1007,"https://prea.com/home/1007","Lakeside Manor",720000,4,3,3200,"Custom-built lakefront property with panoramic views","Lakeside Manor is a sought-after neighborhood for water sports enthusiasts but can get noisy during peak tourist season."
1008,"https://prea.com/home/1008","Meadowbrook Heights",420000,3,2,2000,"Modern townhouse with a rooftop terrace","Meadowbrook Heights is a diverse neighborhood with a strong sense of community but lacks green spaces for outdoor activities."
1009,"https://prea.com/home/1009","Hillcrest Park",270000,2,2,1800,"Renovated bungalow with a large backyard","Hillcrest Park is a family-friendly neighborhood with good schools but suffers from traffic congestion during rush hours."
1010,"https://prea.com/home/1010","Mountain View Estates",890000,4,4,4000,"Mountain retreat with breathtaking views and hiking trails","Mountain View Estates is a secluded neighborhood perfect for outdoor enthusiasts but lacks shopping and dining options."